{"NP": 0.5571876526075, "-": 1.3228028425519134, "P": 1.5713205866973163, "+": 1.4482954437000133}