{"M": 0.8512137899893003, "D": 1.2051198903013007, "I": 0.3964322288055007, "N": 1.4351157671747512, "V": 0.5671084427963677, "F": 0.3377502531744177, "Q": 1.9515266369906814, "G": 0.25918553133635985, "E": 1.4214281523813466, "T": 1.5780291255068701, "A": 1.0566479441018184, "S": 2.185287703923142, "L": 0.35605649995893895, "R": 1.2453540140743933, "K": 1.6695804195804194, "W": 0.20934488286304734, "Y": 0.29531321304753544, "P": 0.33137824981045316, "C": 3.8642602495543676, "H": 1.1524986709197238}