{"False": 0.969685140431916, "True": 1.130801566692013}