{"-": 0.9043622761252532, "T": 1.2798916354264291, "H": 0.9793101810062236, "E": 0.7054562906805818, "S": 1.6317658762094995, "G": 0.474777277208111, "B": 0.6324711585665195, "I": 0.0}