{"H": 0.9422126932434469, "-": 1.2357765572475616, "T": 0.875138003680098, "E": 0.6775710775710776, "S": 1.4726375237253146, "G": 0.8623493413061758, "B": 1.5067401285583104, "I": 0.0}