{"0": 0.25918553133635985, "1": 1.0566479441018184, "2": 2.3895276558067255, "3": 0.848141627543036, "4": 0.7266861088763743, "5": 1.6339221663672032, "6": 1.1524986709197238, "7": 0.8100175615588686, "8": 0.29531321304753544, "9": 0.20934488286304734}