{"4.0": 0.8481648785996612, "10.0": 0.5908095311843183, "16.0": 1.2063642240112826, "22.0": 1.2731263921635034, "28.0": 1.211174069413125, "34.0": 1.341063253293469, "40.0": 0.921150797012866, "46.0": 0.6945364381946492, "52.0": 0.4647676509833497, "58.0": 0.35178887047018914, "64.0": 0.0, "70.0": 0.0}