{"-2.47805": 0.0, "-1.9941499999999999": 0.0, "-1.51025": 0.2688327546335773, "-1.0263499999999999": 0.5278856094065834, "-0.54245": 0.6218270507378846, "-0.05854999999999996": 1.1473412123882665, "0.42535000000000023": 1.814554983026442, "0.90925": 2.2280218817683783, "1.3931500000000003": 1.8550649595179818, "1.87705": 2.7342044403330243}