{"-1.64095": 0.0, "-1.0748499999999999": 0.3313985681055472, "-0.50875": 0.5563963913086447, "0.057349999999999735": 0.9070878828420583, "0.6234499999999998": 1.3454578974681124, "1.1895499999999999": 1.896131620130972, "1.7556499999999995": 2.3972059260861336, "2.3217499999999993": 1.1392518501387603, "2.8878499999999994": 1.8695414976636067, "3.453949999999999": 1.6636693684566024}