{"-1.6305": 0.30424142296884166, "-1.0655": 0.3315060734193968, "-0.5005": 0.6475821452750447, "0.06450000000000022": 0.9643433677911728, "0.6295000000000002": 1.6416442845184303, "1.1945000000000001": 1.9893660289841693, "1.7595000000000005": 2.3553071957924936, "2.3245000000000005": 1.6322095472510827, "2.8895": 1.961706394356582, "3.4545000000000003": 3.381005490734386}