{"1.4565140513391845": 2.9726159554730978, "1.7242494143561125": 1.9775726760801389, "1.9919847773730404": 1.325682906051004, "2.2597201403899683": 1.044919547984483, "2.527455503406896": 0.601396291569702, "2.795190866423824": 0.22617730095990962, "3.062926229440752": 0.16567127140375548, "3.33066159245768": 0.10210162751870308, "3.598396955474608": 0.0, "3.866132318491536": 0.08536159587711617}