{"0.05": 0.27324481448470667, "0.15000000000000002": 0.565333521514387, "0.25": 0.8578220366206233, "0.35000000000000003": 1.0205418742331496, "0.45": 1.4307145000214307, "0.55": 1.9273216870876926, "0.6500000000000001": 2.0593423787916043, "0.7500000000000001": 2.9415560469033117, "0.8500000000000001": 3.285522898154477, "0.9500000000000001": 2.5231191062860105}