{"0.05": 0.27816641249414065, "0.15000000000000002": 0.5482283524438091, "0.25": 0.8888334477805732, "0.35000000000000003": 0.837302261601327, "0.45": 1.4928700438634213, "0.55": 2.1141449683321603, "0.6500000000000001": 1.9974589684105544, "0.7500000000000001": 2.7998951507208383, "0.8500000000000001": 3.0827128427128425, "0.9500000000000001": 2.4195711265478703}