{"H": 1.0110129052693961, "T": 1.289571732516518, "-": 1.1805144060516652, "S": 1.4248521181990985, "E": 0.47396890179059, "G": 0.38312385289129475, "B": 0.212466501752216, "I": 0.0}