{"H": 1.0054476487043302, "T": 1.2316696874373174, "-": 0.9833055251903419, "S": 1.4840941952757638, "E": 0.561915602692026, "G": 0.9638865650878398, "B": 0.8659432528289142, "I": 0.0}