{"-": 1.1301001995719027, "H": 0.9807318391077875, "T": 1.3298900599514096, "S": 1.361506967955279, "E": 0.5719448430166103, "G": 0.2852959373066612, "B": 1.0557081807081807, "I": 0.0}