{"1": 2.0330121035565036, "2": 1.7394194205522864, "3": 1.7176037868853702, "4": 1.260128286297156, "5": 0.9355683347949706, "6": 0.7146216150870406, "7": 0.7232891294481967, "8": 0.3109069376597007}