{"2.0": 0.2935887120805769, "4.0": 0.3409471667847343, "6.0": 0.5332498133631952, "8.0": 0.7569031676330493, "10.0": 1.1318279412289007, "12.0": 1.344540968854885, "14.0": 1.6652241996420762, "16.0": 1.9559356088611408, "18.0": 2.1468271879717973, "20.0": 2.9276863187923454}