{"2.0": 1.3381550924959285, "6.0": 0.8208406977637746, "10.0": 1.2266421681212678, "14.0": 1.3716961560591792, "18.0": 1.066425974025974, "22.0": 1.1711517651564147, "26.0": 0.7598711542620393, "30.0": 0.39917287426193976, "34.0": 0.09264608944039042, "38.0": 0.0, "42.0": 0.0}