{"3.0": 3.0500782605017127, "9.0": 2.276256081165366, "15.0": 2.005283286861055, "21.0": 1.0870689606431878, "27.0": 0.6321402042332275, "33.0": 0.5759516876954599, "39.0": 0.3460587934859115, "45.0": 0.23341977215116108, "51.0": 0.06480321298135062, "57.0": 0.08713698361939569, "63.0": 0.0, "69.0": 0.0}