{"1.0": 2.478035047451685, "3.0": 2.038193106150773, "5.0": 1.7622562932873733, "7.0": 0.907986595982644, "9.0": 0.6053558751767296, "11.0": 0.3424565403248789, "13.0": 0.2079444872249669, "15.0": 0.18729353454826003, "17.0": 0.14311080941067184, "19.0": 0.0, "21.0": 0.0, "23.0": 0.0, "25.0": 0.0, "27.0": 0.0}