{"1.0": 0.0, "3.0": 1.0789494949494949, "5.0": 1.2663286081007599, "7.0": 1.5577538300942557, "9.0": 1.2113221241078986, "11.0": 0.8742081155359163, "13.0": 0.7352270129870129, "15.0": 0.6674464873079191, "17.0": 0.5304376613917764, "19.0": 0.3514917514917515, "21.0": 0.0, "23.0": 0.0}