{"2.0": 2.8298744908550146, "6.0": 2.5207783302411872, "10.0": 1.5333301008286273, "14.0": 1.0974847936873253, "18.0": 0.537634567855523, "22.0": 0.38301778542742393, "26.0": 0.14860426129842305, "30.0": 0.1958297685105967, "34.0": 0.16155521497136402, "38.0": 0.0, "42.0": 0.0, "46.0": 0.0}