{"63.45": 0.25918553133635985, "76.35000000000001": 1.0566479441018184, "89.25": 2.185287703923142, "102.15": 0.9859750054306506, "115.05": 0.7156652966406126, "127.95": 1.5395459161571183, "140.85": 0.566662932466999, "153.75": 1.2453540140743933, "166.64999999999998": 0.29531321304753544, "179.55": 0.20934488286304734}