{"0.6916491576011781": 0.41850988914544834, "1.039896614695791": 0.0, "1.3881440717904039": 0.0, "1.7363915288850167": 0.0, "2.0846389859796295": 1.5429211120785469, "2.432886443074242": 0.7400934520365445, "2.781133900168855": 0.6480787061524963, "3.1293813572634677": 0.28081392291918605, "3.4776288143580807": 0.3108811507217882, "3.8258762714526937": 0.06274367292338587}