{"0.05": 0.2646331950186382, "0.15000000000000002": 0.6813340995287899, "0.25": 1.0290531228507738, "0.35000000000000003": 1.227907634807317, "0.45": 1.7754532157262533, "0.55": 2.1645261811697316, "0.6500000000000001": 2.5035181941729223, "0.7500000000000001": 3.528761828980647, "0.8500000000000001": 2.3493255131964808, "0.9500000000000001": 2.837497048406139}