{"-152.81": 0.9419484312566074, "-98.83000000000003": 0.9879703543825681, "-44.85000000000002": 0.9958801382782968, "9.129999999999985": 2.1498057498057497, "63.10999999999997": 1.221605180533752, "117.08999999999996": 0.5922934208648495, "171.07": 1.0134798534798533, "225.04999999999995": 0.0, "279.03": 0.0, "333.01": 1.9706552706552707}