{"-153.0": 0.5462802084978676, "-99.0": 1.545986217172658, "-45.0": 1.0523918199310869, "9.0": 1.2906926615835024, "63.0": 1.0970658207771609, "117.0": 0.8873636946760743, "171.0": 0.7111090953072083, "225.0": 0.0, "279.0": 0.0, "333.0": 0.7882621082621083}